,precision,recall,f1-score,support
Blackhole,0.603277226619106,0.9996305873660879,0.7524504692387902,5414.0
Flooding,0.873721881390593,0.9075942644715879,0.8903360250065121,1883.0
Grayhole,0.9590521327014218,0.5472147106544077,0.6968319559228651,9245.0
Normal,0.9940458208678874,0.9974819950422193,0.9957609435744251,204527.0
Scheduling,0.9788690476190476,0.8824792057955461,0.92817835473402,3727.0
accuracy,0.9763563408601577,0.9763563408601577,0.9763563408601577,0.9763563408601577
macro avg,0.8817932218396111,0.8668801526659697,0.8527115496953226,224796.0
weighted avg,0.9819358561518958,0.9763563408601577,0.975603659507256,224796.0
